<?xml version="1.0"?>
<extension key="com.aghstrategies.addcontributiontabs" type="module">
  <file>addcontributiontabs</file>
  <name>Add Contribution Tabs</name>
  <description>Adds contributions households and employees to individuals' and employers' contribution tabs</description>
  <license>agpl</license>
  <maintainer>
    <author>Maggie Epps</author>
    <email>maggie@aghstrategies.com</email>
  </maintainer>
  <releaseDate>2013-11-26</releaseDate>
  <version>1.0</version>
  <develStage>alpha</develStage>
  <compatibility>
    <ver>4.4.2</ver>
  </compatibility>
  <civix>
    <namespace>CRM/Addcontributiontabs</namespace>
  </civix>
</extension>
